from,to,prob,pagerank_from,spc_original,spc_weighted,forward_from_sources,backward_to_sinks
"('证明', '成果影响类')","('带领', '知识协作类')",0.3333333333333333,0.009839035508182959,1390,4.558753118791437,695,2
"('比较', '知识重构类')","('证明', '知识重构类')",0.5,0.005736672988691282,1540,4.417238201292287,154,10
"('采用', '资源获取类')","('计算', '知识重构类')",0.2,0.01860746576339386,1136,4.227616221443085,16,71
"('计算', '知识重构类')","('分析', '知识重构类')",0.07142857142857142,0.02254027856388445,2220,3.5742441722731053,60,37
"('下降', '知识重构类')","('察觉', '知识重构类')",1.0,0.003269435872884389,792,2.589393211324436,1,792
"('带领', '知识协作类')","('研究', '知识重构类')",0.2857142857142857,0.0114981920841804,782,2.569024631379735,782,1
"('察觉', '知识重构类')","('根据', '资源获取类')",0.5,0.004226525621297307,1132,2.392213501654276,2,566
"('发现', '知识重构类')","('计算', '知识重构类')",0.125,0.01213144399159939,1562,2.368664439359781,22,71
"('计算', '知识重构类')","('撰写', '成果发布类')",0.1428571428571428,0.02254027856388445,720,2.3184286522852564,60,12
"('分析', '知识重构类')","('探索', '知识重构类')",0.2222222222222222,0.01017387537062483,1020,2.3060784173416278,68,15
"('达到', '知识重构类')","('下降', '知识重构类')",1.0,0.00288207499024412,792,2.282603392273343,1,792
"('证明', '成果影响类')","('确保', '成果影响类')",0.3333333333333333,0.009839035508182959,695,2.2793765593957187,695,1
"('提出', '成果发布类')","('证明', '成果影响类')",0.25,0.00791607591644071,1131,2.2382704653736107,377,3
"('组织', '知识协作类')","('建立', '知识规划类')",0.5,0.006936301961528997,630,2.184935117881634,70,9
"('试验', '知识重构类')","('发现', '知识重构类')",0.1111111111111111,0.01427454591026196,1343,2.1300794619424233,17,79
"('根据', '资源获取类')","('提供', '知识重构类')",0.25,0.006781128445700324,1144,1.9394027354702925,4,286
"('接受', '资源获取类')","('达到', '知识重构类')",1.0,0.002426356304786546,792,1.9216741933909445,1,792
"('设计', '知识重构类')","('试验', '知识重构类')",0.5,0.006334917162956199,594,1.881470397397991,6,99
"('发表', '成果发布类')","('引起', '成果影响类')",0.3076923076923077,0.02672742961050147,222,1.825689038009639,222,1
"('测量', '知识重构类')","('观察', '知识重构类')",0.1666666666666667,0.01302600517106108,822,1.7845627084353686,822,1
"('讨论', '知识协作类')","('证明', '成果影响类')",0.1666666666666667,0.01156853517533936,903,1.7410645438885743,301,3
"('称作', '成果影响类')","('成为', '成果影响类')",1.0,0.00381345684677455,441,1.6817344694275767,441,1
"('研究', '知识重构类')","('测量', '知识重构类')",0.08333333333333333,0.02382443422386061,816,1.6200615272225214,816,1
"('证明', '知识重构类')","('提出', '成果发布类')",0.2,0.007330717707421594,1095,1.6054271779253293,219,5
"('获取', '知识重构类')","('发表', '成果发布类')",0.2857142857142857,0.01323151672386567,396,1.4970516064716584,66,6
"('推出', '知识重构类')","('根据', '资源获取类')",1.0,0.002546619765388363,566,1.4413867872098134,1,566
"('指导', '知识协作类')","('试验', '知识重构类')",0.3333333333333333,0.005134983967632521,792,1.3556357674549855,8,99
"('计算', '知识重构类')","('获取', '知识重构类')",0.1428571428571428,0.02254027856388445,420,1.3524167138330663,60,7
"('带领', '知识协作类')","('建立', '知识重构类')",0.1428571428571428,0.0114981920841804,782,1.284512315689867,782,1
"('总结', '知识整合类')","('发表', '成果发布类')",0.5,0.006082569361466449,396,1.2043487335703569,66,6
"('获取', '成果发布类')","('通过', '成果影响类')",0.5,0.006297675031664463,380,1.196558256016248,380,1
"('开展', '知识重构类')","('提出', '知识重构类')",0.4,0.008232590814310863,361,1.1887861135864888,361,1
"('改进', '知识重构类')","('确定', '知识规划类')",0.3333333333333333,0.006890391157133423,508,1.166772902607926,2,254
"('根据', '资源获取类')","('指导', '知识协作类')",0.25,0.006781128445700324,688,1.1663540926604556,4,172
"('研制', '知识重构类')","('建立', '知识重构类')",0.2,0.007822624072212651,742,1.1608774123163574,742,1
"('考察', '知识整合类')","('推出', '知识重构类')",1.0,0.00203170309908193,566,1.1499439540803724,1,566
"('提供', '知识重构类')","('指导', '知识协作类')",0.3333333333333333,0.004956263547888952,688,1.1366364403158662,4,172
"('探索', '知识重构类')","('比较', '知识重构类')",0.25,0.005193086608099977,850,1.1035309042212451,85,10
"('说明', '知识重构类')","('研制', '知识重构类')",0.3333333333333333,0.004665800270779425,700,1.0886867298485325,700,1
"('确定', '知识规划类')","('采用', '知识重构类')",0.5,0.004183384743855778,500,1.0458461859639445,2,250
"('指导', '知识协作类')","('计算', '知识重构类')",0.3333333333333333,0.005134983967632521,568,0.9722236312050906,8,71
"('计算', '知识重构类')","('证明', '知识重构类')",0.07142857142857142,0.02254027856388445,600,0.9660119384521907,60,10
"('采用', '知识重构类')","('解决', '知识重构类')",0.3333333333333333,0.005875362280388962,492,0.9635594139837897,2,246
"('证明', '知识重构类')","('讨论', '知识协作类')",0.2,0.007330717707421594,657,0.9632563067551975,219,3
"('察觉', '知识重构类')","('汇报', '知识协作类')",0.5,0.004226525621297307,452,0.9551947904131914,2,226
"('借助', '资源获取类')","('改进', '知识重构类')",1.0,0.002915888052150717,326,0.9505795050011338,1,326
"('提出', '知识重构类')","('说明', '知识重构类')",0.2,0.007111827395592184,661,0.9401835816972869,661,1
"('解决', '知识重构类')","('检查', '知识重构类')",0.5,0.003773324034756523,484,0.9131444164110786,2,242
"('掌握', '知识整合类')","('改进', '知识重构类')",1.0,0.002640073674556901,326,0.8606640179055497,1,326
"('平衡', '知识重构类')","('借助', '资源获取类')",1.0,0.002466136377613125,326,0.8039604591018787,1,326
"('组装', '知识重构类')","('产生', '知识重构类')",1.0,0.002517257724644727,314,0.7904189255384444,2,157
"('分析', '知识重构类')","('比较', '知识重构类')",0.1111111111111111,0.01017387537062483,680,0.7686928057805427,68,10
"('分析', '知识重构类')","('组织', '知识协作类')",0.1111111111111111,0.01017387537062483,680,0.7686928057805427,68,10
"('提出', '成果发布类')","('解决', '成果影响类')",0.25,0.00791607591644071,377,0.7460901551245369,377,1
"('提出', '成果发布类')","('获取', '成果发布类')",0.25,0.00791607591644071,377,0.7460901551245369,377,1
"('帮助', '知识协作类')","('掌握', '知识整合类')",1.0,0.002141648874563805,326,0.6981775331078004,1,326
"('提供', '知识重构类')","('设计', '知识重构类')",0.3333333333333333,0.004956263547888952,416,0.6872685453072679,4,104
"('撰写', '成果发布类')","('讲课', '知识协作类')",0.25,0.007180129517928403,366,0.6569818508904488,61,6
"('撰写', '成果发布类')","('发表', '成果发布类')",0.25,0.007180129517928403,366,0.6569818508904488,61,6
"('建立', '知识规划类')","('提出', '成果发布类')",0.2,0.00909193742463766,360,0.6546194945739116,72,5
"('讲课', '知识协作类')","('总结', '知识整合类')",0.25,0.006917869975537107,378,0.6537387126882566,63,6
"('指出', '知识重构类')","('平衡', '知识重构类')",0.5,0.003874033521023566,326,0.6314674639268413,1,326
"('判断', '知识重构类')","('组装', '知识重构类')",0.5,0.003994319043450827,314,0.6271080898217798,2,157
"('引起', '知识重构类')","('采用', '资源获取类')",0.5,0.00417863867888687,300,0.6267958018330304,4,75
"('检查', '知识重构类')","('判断', '知识重构类')",0.5,0.003613579048796415,326,0.5890133849538156,2,163
"('负责', '知识规划类')","('察觉', '知识重构类')",0.3333333333333333,0.002215881169968358,792,0.5849926288716465,1,792
"('发表', '成果影响类')","('了解', '成果影响类')",1.0,0.002567234836487287,222,0.5699261337001776,222,1
"('公认', '成果影响类')","('成为', '成果影响类')",1.0,0.002567234836487287,222,0.5699261337001776,222,1
"('支持', '资源获取类')","('参加', '知识重构类')",1.0,0.003156460256664933,178,0.561849925686358,1,178
"('探索', '知识重构类')","('提出', '成果发布类')",0.25,0.005193086608099977,425,0.5517654521106226,85,5
"('配备', '资源获取类')","('支持', '资源获取类')",1.0,0.002749162500572696,178,0.4893509251019399,1,178
"('激发', '知识协作类')","('采用', '资源获取类')",1.0,0.002150654488217127,225,0.48389725984885357,3,75
"('根据', '资源获取类')","('计算', '知识重构类')",0.25,0.006781128445700324,284,0.481460119644723,4,71
"('结合', '资源获取类')","('计算', '知识重构类')",1.0,0.002150654488217127,213,0.45808940599024806,3,71
"('自创', '知识重构类')","('采用', '资源获取类')",1.0,0.003051094390237013,150,0.457664158535552,2,75
"('发表', '成果发布类')","('公认', '成果影响类')",0.07692307692307693,0.02672742961050147,222,0.4564222595024098,222,1
"('发表', '成果发布类')","('发表', '成果影响类')",0.07692307692307693,0.02672742961050147,222,0.4564222595024098,222,1
"('发表', '成果发布类')","('观察', '知识重构类')",0.07692307692307693,0.02672742961050147,222,0.4564222595024098,222,1
"('发表', '成果发布类')","('称作', '成果影响类')",0.07692307692307693,0.02672742961050147,222,0.4564222595024098,222,1
"('发表', '成果发布类')","('成为', '成果影响类')",0.07692307692307693,0.02672742961050147,222,0.4564222595024098,222,1
"('提高', '知识重构类')","('引起', '知识重构类')",0.5,0.003789530304752914,237,0.4490593411132203,3,79
"('引起', '成果影响类')","('索求', '成果影响类')",0.25,0.007809922952506526,222,0.4334507238641122,222,1
"('负责', '知识规划类')","('根据', '资源获取类')",0.3333333333333333,0.002215881169968358,566,0.4180629140673635,1,566
"('试验', '知识重构类')","('探索', '知识重构类')",0.1111111111111111,0.01427454591026196,255,0.40444546745742216,17,15
"('推动', '知识重构类')","('配备', '资源获取类')",1.0,0.002269988669877577,178,0.40405798323820874,1,178
"('发现', '知识重构类')","('发表', '成果发布类')",0.25,0.01213144399159939,132,0.40033765172277985,22,6
"('考虑', '知识重构类')","('提出', '知识重构类')",0.1428571428571428,0.00980201108206303,285,0.3990818797697089,285,1
"('减小', '知识重构类')","('自创', '知识重构类')",1.0,0.002625202657714463,150,0.3937803986571694,2,75
"('汇报', '知识协作类')","('提高', '知识重构类')",0.3333333333333333,0.004697584789580035,240,0.3758067831664028,3,80
"('看见', '知识重构类')","('采用', '资源获取类')",0.5,0.003321923969189873,225,0.3737164465338607,3,75
"('处理', '知识重构类')","('采用', '资源获取类')",0.5,0.004766238770697495,150,0.35746790780231213,2,75
"('汇报', '知识协作类')","('激发', '知识协作类')",0.3333333333333333,0.004697584789580035,225,0.3523188592185026,3,75
"('产生', '知识重构类')","('看见', '知识重构类')",0.5,0.004248307121261651,164,0.34836118394345533,2,82
"('汇报', '知识协作类')","('结合', '资源获取类')",0.3333333333333333,0.004697584789580035,213,0.3335285200601825,3,71
"('学习', '知识整合类')","('设计', '知识重构类')",0.3333333333333333,0.004739692971404825,208,0.32861871268406784,2,104
"('改进', '知识重构类')","('计算', '知识重构类')",0.3333333333333333,0.006890391157133423,142,0.32614518143764865,2,71
"('证明', '知识重构类')","('开展', '知识重构类')",0.2,0.007330717707421594,219,0.32108543558506586,219,1
"('证明', '知识重构类')","('称作', '成果影响类')",0.2,0.007330717707421594,219,0.32108543558506586,219,1
"('产生', '知识重构类')","('减小', '知识重构类')",0.5,0.004248307121261651,150,0.3186230340946238,2,75
"('计算', '知识重构类')","('讨论', '知识协作类')",0.07142857142857142,0.02254027856388445,180,0.28980358153565716,60,3
"('检查', '知识重构类')","('发现', '知识重构类')",0.5,0.003613579048796415,158,0.28547274485491675,2,79
"('建立', '知识规划类')","('带领', '知识协作类')",0.2,0.00909193742463766,144,0.2618477978295646,72,2
"('委托', '知识协作类')","('测验', '知识重构类')",1.0,0.002612014478164781,100,0.2612014478164781,1,100
"('表明', '知识重构类')","('分析', '知识重构类')",0.5,0.00684174220014689,74,0.25314446140543495,2,37
"('根据', '资源获取类')","('分析', '知识重构类')",0.25,0.006781128445700324,148,0.25090175249091196,4,37
"('比较', '知识整合类')","('学习', '知识整合类')",1.0,0.002149518223450527,115,0.24719459569681063,1,115
"('关注', '知识规划类')","('转化', '知识重构类')",1.0,0.001711067197660586,142,0.2429715420678032,1,142
"('参加', '知识重构类')","('试验', '知识重构类')",0.5,0.004832509441647774,99,0.23920921736156484,1,99
"('选择', '知识规划类')","('汇报', '知识协作类')",0.25,0.004194800312924486,226,0.23700621768023347,1,226
"('测验', '知识重构类')","('试验', '知识重构类')",0.5,0.004369730529919798,99,0.21630166123102998,1,99
"('出现', '知识重构类')","('委托', '知识协作类')",1.0,0.002108638055281596,100,0.21086380552815961,1,100
"('分享', '知识协作类')","('处理', '知识重构类')",1.0,0.002706002815351876,76,0.20565621396674258,1,76
"('了解', '知识重构类')","('采用', '资源获取类')",1.0,0.002665022863745049,75,0.19987671478087868,1,75
"('支持', '成果影响类')","('参加', '知识协作类')",1.0,0.002426356304786546,81,0.19653486068771023,1,81
"('计算', '知识重构类')","('考虑', '知识重构类')",0.1428571428571428,0.02254027856388445,60,0.19320238769043804,60,1
"('参加', '知识重构类')","('发现', '知识重构类')",0.5,0.004832509441647774,79,0.19088412294508708,1,79
"('完成', '成果发布类')","('表明', '知识重构类')",1.0,0.004892393058477667,38,0.18591093622215135,1,38
"('理清', '知识重构类')","('计算', '知识重构类')",1.0,0.002458350512785844,71,0.17454288640779492,1,71
"('撰写', '知识重构类')","('分享', '知识协作类')",1.0,0.002219212569612539,76,0.16866015529055295,1,76
"('观测', '知识重构类')","('发现', '知识重构类')",0.5,0.004115339402475085,79,0.16255590639776588,1,79
"('认为', '知识重构类')","('引起', '知识重构类')",0.5,0.004113920395675018,79,0.16249985562916322,1,79
"('反对', '知识重构类')","('发现', '知识重构类')",1.0,0.002028682788426057,79,0.16026594028565852,1,79
"('抽象', '知识重构类')","('计算', '知识重构类')",1.0,0.002188189043980303,71,0.1553614221226015,1,71
"('分析', '知识重构类')","('估计', '知识重构类')",0.2222222222222222,0.01017387537062483,68,0.15373856115610854,68,1
"('选择', '知识规划类')","('关注', '知识规划类')",0.25,0.004194800312924486,142,0.14891541110881926,1,142
"('指出', '知识重构类')","('处理', '知识重构类')",0.5,0.003874033521023566,76,0.1472132737988955,1,76
"('认为', '知识重构类')","('计算', '知识重构类')",0.5,0.004113920395675018,71,0.14604417404646314,1,71
"('转化', '知识重构类')","('计算', '知识重构类')",0.5,0.003855713839092955,71,0.1368778412877999,1,71
"('转化', '知识重构类')","('理清', '知识重构类')",0.5,0.003855713839092955,71,0.1368778412877999,1,71
"('建立', '知识规划类')","('建立', '知识重构类')",0.2,0.00909193742463766,72,0.1309238989147823,72,1
"('建立', '知识规划类')","('开展', '知识重构类')",0.2,0.00909193742463766,72,0.1309238989147823,72,1
"('获取', '知识重构类')","('考虑', '知识重构类')",0.1428571428571428,0.01323151672386567,66,0.12475430053930484,66,1
"('组织', '知识协作类')","('开展', '知识重构类')",0.25,0.006936301961528997,70,0.12138528432675745,70,1
"('采用', '资源获取类')","('决定', '知识规划类')",0.2,0.01860746576339386,32,0.1190877808857207,16,2
"('察觉', '知识规划类')","('试验', '知识重构类')",0.5,0.002269988669877577,99,0.11236443915894007,1,99
"('参加', '知识协作类')","('采用', '资源获取类')",0.5,0.00288207499024412,75,0.10807781213415449,1,75
"('拍摄', '知识重构类')","('分析', '知识重构类')",1.0,0.002749162500572696,37,0.10171901252118976,1,37
"('计算', '知识重构类')","('建立', '知识重构类')",0.07142857142857142,0.02254027856388445,60,0.09660119384521906,60,1
"('跟随', '知识协作类')","('学习', '知识整合类')",1.0,0.0008196721311475411,115,0.09426229508196722,1,115
"('估计', '知识重构类')","('考虑', '知识重构类')",0.3333333333333333,0.003931648348483235,68,0.08911736256561999,68,1
"('记录', '知识重构类')","('拍摄', '知识重构类')",1.0,0.002269988669877577,37,0.08398958078547035,1,37
"('汇报', '知识重构类')","('表明', '知识重构类')",1.0,0.002192395257858252,38,0.08331101979861358,1,38
"('试验', '知识重构类')","('讨论', '知识协作类')",0.1111111111111111,0.01427454591026196,51,0.08088909349148443,17,3
"('获取', '成果影响类')","('总结', '知识整合类')",0.5,0.00892435261273404,18,0.08031917351460637,3,6
"('分析', '知识重构类')","('考虑', '知识重构类')",0.1111111111111111,0.01017387537062483,68,0.07686928057805427,68,1
"('提供', '资源获取类')","('证明', '成果影响类')",0.3333333333333333,0.004981535711038727,42,0.06974149995454217,14,3
"('考察', '资源获取类')","('看见', '知识重构类')",1.0,0.0008196721311475411,82,0.06721311475409837,1,82
"('提供', '知识重构类')","('证明', '知识重构类')",0.3333333333333333,0.004956263547888952,40,0.06608351397185269,4,10
"('决定', '知识规划类')","('研制', '知识重构类')",0.4,0.008097560913331879,20,0.06478048730665503,20,1
"('采用', '资源获取类')","('观察', '知识重构类')",0.2,0.01860746576339386,16,0.05954389044286035,16,1
"('根据', '知识整合类')","('计算', '知识重构类')",1.0,0.0008196721311475411,71,0.058196721311475415,1,71
"('求解', '知识重构类')","('分析', '知识重构类')",0.5,0.003059218755879898,37,0.05659554698377811,1,37
"('试验', '知识重构类')","('观察', '知识重构类')",0.2222222222222222,0.01427454591026196,17,0.05392606232765629,17,1
"('加强', '知识协作类')","('组织', '知识协作类')",1.0,0.002657869499939776,20,0.05315738999879552,2,10
"('奠定', '成果影响类')","('培养', '知识规划类')",1.0,0.005536031349454715,9,0.04982428214509243,1,9
"('培养', '知识规划类')","('建立', '知识规划类')",1.0,0.005525298778270713,9,0.049727689004436415,1,9
"('选择', '知识规划类')","('求解', '知识重构类')",0.25,0.004194800312924486,47,0.049288903676862714,1,47
"('注重', '知识规划类')","('加强', '知识协作类')",1.0,0.002162585139731651,20,0.04325170279463302,2,10
"('达到', '成果影响类')","('安排', '知识规划类')",1.0,0.004542945631720964,9,0.04088651068548868,3,3
"('汇报', '成果发布类')","('发表', '成果发布类')",1.0,0.003335112148739556,12,0.04002134578487467,2,6
"('设计', '知识重构类')","('提供', '资源获取类')",0.25,0.006334917162956199,24,0.03800950297773719,6,4
"('认为', '成果影响类')","('开辟', '成果影响类')",1.0,0.002479280758594695,15,0.03718921137892042,1,15
"('制定', '知识规划类')","('奠定', '成果影响类')",1.0,0.004122739118012083,9,0.03710465206210875,1,9
"('讨论', '知识重构类')","('整理', '知识整合类')",1.0,0.002009916333994513,18,0.036178494011901235,1,18
"('递交', '知识协作类')","('汇报', '成果发布类')",1.0,0.002959341197127596,12,0.03551209436553115,2,6
"('提供', '成果影响类')","('制定', '知识规划类')",1.0,0.003885961160946895,9,0.034973650448522055,1,9
"('看见', '知识重构类')","('获取', '知识重构类')",0.5,0.003321923969189873,21,0.034880201676493666,3,7
"('提出', '知识规划类')","('提供', '资源获取类')",0.3333333333333333,0.004277756357344119,24,0.03422205085875295,6,4
"('引起', '知识重构类')","('提出', '知识规划类')",0.5,0.00417863867888687,16,0.03342910943109496,4,4
"('发现', '知识重构类')","('说明', '知识重构类')",0.125,0.01213144399159939,22,0.03336147097689832,22,1
"('发现', '知识重构类')","('考虑', '知识重构类')",0.125,0.01213144399159939,22,0.03336147097689832,22,1
"('掌握', '知识重构类')","('提供', '成果影响类')",1.0,0.003607398858520441,9,0.03246658972668397,1,9
"('决定', '知识规划类')","('研究', '知识重构类')",0.2,0.008097560913331879,20,0.032390243653327516,20,1
"('学习', '知识整合类')","('注重', '知识规划类')",0.3333333333333333,0.004739692971404825,20,0.03159795314269883,2,10
"('整理', '知识整合类')","('撰写', '成果发布类')",0.5,0.005113192993747492,12,0.03067915796248495,1,12
"('确定', '知识重构类')","('递交', '知识协作类')",1.0,0.002517257724644727,12,0.030207092695736727,2,6
"('采用', '资源获取类')","('研制', '知识重构类')",0.1,0.01860746576339386,16,0.029771945221430174,16,1
"('指导', '知识协作类')","('带领', '知识协作类')",0.3333333333333333,0.005134983967632521,16,0.027386581160706778,8,2
"('试验', '知识重构类')","('说明', '知识重构类')",0.1111111111111111,0.01427454591026196,17,0.026963031163828144,17,1
"('继续', '知识重构类')","('获取', '知识重构类')",1.0,0.003690397358677942,7,0.025832781510745594,1,7
"('判断', '知识重构类')","('确定', '知识重构类')",0.5,0.003994319043450827,12,0.023965914260704962,2,6
"('改造', '知识重构类')","('继续', '知识重构类')",1.0,0.003377323797058345,7,0.023641266579408415,1,7
"('安排', '知识规划类')","('带领', '知识协作类')",0.5,0.005813810635277922,8,0.02325524254111169,4,2
"('提供', '资源获取类')","('提出', '知识重构类')",0.3333333333333333,0.004981535711038727,14,0.023247166651514058,14,1
"('列为', '成果影响类')","('评为', '成果影响类')",1.0,0.002778593567203182,8,0.022228748537625458,1,8
"('中止', '知识重构类')","('改造', '知识重构类')",1.0,0.003009001959860461,7,0.02106301371902323,1,7
"('确保', '知识规划类')","('获取', '资源获取类')",1.0,0.002597610647317389,8,0.020780885178539113,2,4
"('旁听', '知识协作类')","('讨论', '知识协作类')",1.0,0.003365923809509812,6,0.020195542857058872,2,3
"('选择', '成果影响类')","('获取', '成果影响类')",1.0,0.002813304336859137,7,0.01969313035801396,1,7
"('列举', '知识重构类')","('比较', '知识重构类')",1.0,0.001933639163239578,10,0.01933639163239578,1,10
"('开辟', '成果影响类')","('列为', '成果影响类')",0.5,0.004609226908272627,8,0.01843690763309051,1,8
"('分离', '知识重构类')","('中止', '知识重构类')",1.0,0.002575682151393931,7,0.018029775059757516,1,7
"('起到', '成果影响类')","('发表', '成果发布类')",1.0,0.003001821742201253,6,0.018010930453207518,1,6
"('吸引', '成果影响类')","('旁听', '知识协作类')",1.0,0.002995590209803477,6,0.017973541258820863,2,3
"('评为', '成果影响类')","('获取', '成果影响类')",0.5,0.004929039368651654,7,0.01725163779028079,1,7
"('撰写', '知识整合类')","('讲课', '知识协作类')",1.0,0.002830178400543707,6,0.016981070403262244,1,6
"('确定', '知识规划类')","('确保', '知识规划类')",0.5,0.004183384743855778,8,0.016733538975423113,2,4
"('提出', '知识协作类')","('说明', '知识协作类')",1.0,0.002769262984473568,6,0.016615577906841407,1,6
"('出版', '成果发布类')","('选择', '成果影响类')",1.0,0.002345449653739142,7,0.016418147576173995,1,7
"('开辟', '成果影响类')","('获取', '成果影响类')",0.5,0.004609226908272627,7,0.016132294178954197,1,7
"('校正', '知识重构类')","('获取', '知识重构类')",1.0,0.002269988669877577,7,0.01588992068914304,1,7
"('控制', '知识重构类')","('提出', '知识规划类')",0.5,0.003958030088498216,8,0.015832120353992864,2,4
"('引用', '成果影响类')","('起到', '成果影响类')",1.0,0.002567234836487287,6,0.01540340901892372,1,6
"('排除', '知识重构类')","('获取', '知识重构类')",1.0,0.002196257486436248,7,0.015373802405053736,1,7
"('说明', '知识协作类')","('讨论', '知识协作类')",0.5,0.005119807243830472,6,0.015359421731491416,2,3
"('说明', '知识协作类')","('吸引', '成果影响类')",0.5,0.005119807243830472,6,0.015359421731491416,2,3
"('完成', '知识重构类')","('控制', '知识重构类')",1.0,0.002192395257858252,7,0.015346766805007763,1,7
"('整理', '知识整合类')","('发表', '成果发布类')",0.5,0.005113192993747492,6,0.015339578981242476,1,6
"('求解', '知识重构类')","('证明', '知识重构类')",0.5,0.003059218755879898,10,0.01529609377939949,1,10
"('解决', '知识重构类')","('提供', '资源获取类')",0.5,0.003773324034756523,8,0.015093296139026092,2,4
"('选择', '知识重构类')","('分离', '知识重构类')",1.0,0.002065894141434804,7,0.014461258990043628,1,7
"('担任', '知识协作类')","('撰写', '知识整合类')",1.0,0.002365301493367888,6,0.014191808960207327,1,6
"('投稿', '成果发布类')","('发表', '成果发布类')",1.0,0.002345449653739142,6,0.014072697922434853,1,6
"('要求', '知识规划类')","('提出', '知识协作类')",1.0,0.002293636297998509,6,0.013761817787991053,1,6
"('召开', '知识协作类')","('说明', '知识协作类')",1.0,0.002289719500972898,6,0.01373831700583739,1,6
"('获取', '成果影响类')","('成为', '成果影响类')",0.5,0.00892435261273404,3,0.01338652891910106,3,1
"('修订', '知识重构类')","('发表', '成果发布类')",1.0,0.002141648874563805,6,0.01284989324738283,1,6
"('控制', '知识重构类')","('达到', '成果影响类')",0.5,0.003958030088498216,6,0.011874090265494647,2,3
"('采用', '知识重构类')","('证明', '成果影响类')",0.3333333333333333,0.005875362280388962,6,0.011750724560777923,2,3
"('安排', '知识规划类')","('研究', '知识重构类')",0.5,0.005813810635277922,4,0.011627621270555845,4,1
"('明确', '知识规划类')","('控制', '知识重构类')",0.5,0.002999581148513023,7,0.01049853401979558,1,7
"('设计', '知识重构类')","('研制', '知识重构类')",0.25,0.006334917162956199,6,0.009502375744434298,6,1
"('采用', '成果影响类')","('证明', '成果影响类')",1.0,0.003084941565362803,3,0.00925482469608841,1,3
"('递交', '成果发布类')","('提出', '成果发布类')",1.0,0.001780538138391902,5,0.00890269069195951,1,5
"('参加', '知识协作类')","('发表', '成果发布类')",0.5,0.00288207499024412,6,0.00864622497073236,1,6
"('承认', '成果影响类')","('采用', '成果影响类')",1.0,0.002665022863745049,3,0.007995068591235147,1,3
"('合作', '知识协作类')","('测量', '知识重构类')",1.0,0.002430222510694389,3,0.007290667532083166,3,1
"('研制', '成果发布类')","('达到', '成果影响类')",1.0,0.002401306721064078,3,0.007203920163192234,1,3
"('表明', '知识重构类')","('研究', '知识重构类')",0.5,0.00684174220014689,2,0.00684174220014689,2,1
"('负责', '知识规划类')","('建立', '知识规划类')",0.3333333333333333,0.002215881169968358,9,0.006647643509905073,1,9
"('观测', '知识重构类')","('讨论', '知识协作类')",0.5,0.004115339402475085,3,0.006173009103712628,1,3
"('获取', '资源获取类')","('决定', '知识规划类')",0.5,0.003027641181399943,4,0.006055282362799886,2,2
"('获取', '资源获取类')","('带领', '知识协作类')",0.5,0.003027641181399943,4,0.006055282362799886,2,2
"('提高', '知识重构类')","('合作', '知识协作类')",0.5,0.003789530304752914,3,0.0056842954571293715,3,1
"('成功', '成果影响类')","('排除', '成果影响类')",1.0,0.002771949625701149,2,0.005543899251402298,2,1
"('具有', '知识整合类')","('研究', '知识重构类')",1.0,0.002657869499939776,2,0.005315738999879552,2,1
"('相符', '知识重构类')","('决定', '知识规划类')",1.0,0.002507236222036013,2,0.005014472444072026,1,2
"('应邀', '知识协作类')","('讲课', '知识协作类')",1.0,0.0008196721311475411,6,0.004918032786885246,1,6
"('处理', '知识重构类')","('研究', '知识重构类')",0.5,0.004766238770697495,2,0.004766238770697495,2,1
"('改进', '知识重构类')","('成功', '成果影响类')",0.3333333333333333,0.006890391157133423,2,0.004593594104755615,2,1
"('参加', '知识整合类')","('具有', '知识整合类')",1.0,0.002162585139731651,2,0.004325170279463302,2,1
"('担任', '知识规划类')","('安排', '知识规划类')",0.5,0.002665022863745049,3,0.0039975342956175735,1,3
"('采用', '知识重构类')","('获取', '成果发布类')",0.3333333333333333,0.005875362280388962,2,0.003916908186925975,2,1
"('学习', '知识整合类')","('参加', '知识整合类')",0.3333333333333333,0.004739692971404825,2,0.003159795314269883,2,1
"('生长', '资源获取类')","('测量', '知识重构类')",1.0,0.003103189476617436,1,0.003103189476617436,1,1
"('分成', '知识规划类')","('生长', '资源获取类')",1.0,0.002686490994641696,1,0.002686490994641696,1,1
"('添加', '知识重构类')","('测量', '知识重构类')",1.0,0.002676807606392806,1,0.002676807606392806,1,1
"('担任', '知识规划类')","('带领', '知识协作类')",0.5,0.002665022863745049,2,0.002665022863745049,1,2
"('假设', '知识重构类')","('研究', '知识重构类')",1.0,0.002507236222036013,1,0.002507236222036013,1,1
"('出现', '成果影响类')","('获取', '成果发布类')",1.0,0.002507236222036013,1,0.002507236222036013,1,1
"('评为', '成果影响类')","('成为', '成果影响类')",0.5,0.004929039368651654,1,0.002464519684325827,1,1
"('认为', '知识协作类')","('测量', '知识重构类')",1.0,0.002458547947683328,1,0.002458547947683328,1,1
"('发现', '知识整合类')","('研究', '知识重构类')",1.0,0.002336426849643942,1,0.002336426849643942,1,1
"('结合', '知识重构类')","('观察', '知识重构类')",1.0,0.002269988669877577,1,0.002269988669877577,1,1
"('研究', '知识规划类')","('分成', '知识规划类')",1.0,0.002196257486436248,1,0.002196257486436248,1,1
"('开发', '知识重构类')","('观察', '知识重构类')",1.0,0.002192395257858252,1,0.002192395257858252,1,1
"('测验', '知识重构类')","('添加', '知识重构类')",0.5,0.004369730529919798,1,0.002184865264959899,1,1
"('推荐', '知识重构类')","('研究', '知识重构类')",1.0,0.002038715141268662,1,0.002038715141268662,1,1
"('磨制', '知识重构类')","('观察', '知识重构类')",1.0,0.002009916333994513,1,0.002009916333994513,1,1
"('建议', '知识规划类')","('研究', '知识重构类')",1.0,0.001923203035391942,1,0.001923203035391942,1,1
"('查阅', '知识整合类')","('发现', '知识整合类')",1.0,0.001784417315860118,1,0.001784417315860118,1,1
"('介绍', '知识协作类')","('决定', '知识规划类')",1.0,0.0008196721311475411,2,0.0016393442622950822,1,2
"('准备', '知识规划类')","('观察', '知识重构类')",1.0,0.001516393442622951,1,0.001516393442622951,1,1
"('明确', '知识规划类')","('考虑', '知识重构类')",0.5,0.002999581148513023,1,0.0014997905742565115,1,1
"('察觉', '知识规划类')","('查阅', '知识整合类')",0.5,0.002269988669877577,1,0.0011349943349387886,1,1
"('选择', '知识规划类')","('提出', '知识重构类')",0.25,0.004194800312924486,1,0.0010487000782311215,1,1
"('了解', '知识整合类')","('准备', '知识规划类')",1.0,0.0008196721311475411,1,0.0008196721311475411,1,1
